IDon'tmind,JamesBrown,1961,6/8,9
IDon'tmind,JamesBrown,1961,6/8,9
IDon'tmind,JamesBrown,1961,6/8,9
IDon'tmind,JamesBrown,1961,6/8,9
IDon'tmind,JamesBrown,1961,6/8,9
IDon'tmind,JamesBrown,1961,6/8,9
IDon'tmind,JamesBrown,1961,6/8,9
IDon'tmind,JamesBrown,1961,6/8,9
IDon'tmind,JamesBrown,1961,6/8,9
IDon'tmind,JamesBrown,1961,6/8,9
IDon'tmind,JamesBrown,1961,6/8,9
IDon'tmind,JamesBrown,1961,6/8,9
IDon'tmind,JamesBrown,1961,6/8,9
IDon'tmind,JamesBrown,1961,6/8,9
IDon'tmind,JamesBrown,1961,6/8,9
IDon'tmind,JamesBrown,1961,6/8,9
IDon'tmind,JamesBrown,1961,6/8,9
IDon'tmind,JamesBrown,1961,6/8,9
IDon'tmind,JamesBrown,1961,6/8,9
IDon'tmind,JamesBrown,1961,6/8,9
IDon'tmind,JamesBrown,1961,6/8,9
IDon'tmind,JamesBrown,1961,6/8,9
IDon'tmind,JamesBrown,1961,6/8,9
IDon'tmind,JamesBrown,1961,6/8,9
IDon'tmind,JamesBrown,1961,6/8,9
IDon'tmind,JamesBrown,1961,6/8,9
IDon'tmind,JamesBrown,1961,6/8,9
IDon'tmind,JamesBrown,1961,6/8,9
IDon'tmind,JamesBrown,1961,6/8,9
IDon'tmind,JamesBrown,1961,6/8,9
